id;date_creation;demande_id
1;2026-04-22T17:22:17;1
2;2026-04-22T13:48:22;2
3;2026-04-22T15:45:31;3
4;2026-04-22T14:21:51;4
5;2026-04-22T16:32:07;5
6;2026-04-22T17:46:00;6
7;2026-04-23T03:24:06;7
8;2026-04-22T15:35:42;8
9;2026-04-22T20:09:42;9
10;2026-04-23T08:34:29;10
11;2026-04-23T01:12:07;11
12;2026-04-23T04:59:05;12
13;2026-04-23T06:01:48;13
14;2026-04-23T05:02:29;14
15;2026-04-22T22:02:08;15
16;2026-04-22T16:25:26;16
17;2026-04-23T11:53:40;17
18;2026-04-23T03:55:46;18
19;2026-04-22T15:13:29;19
20;2026-04-22T19:22:46;20
21;2026-04-23T00:59:42;21
22;2026-04-22T23:54:43;22
23;2026-04-22T17:38:45;23
24;2026-04-23T03:01:41;24
25;2026-04-23T04:10:17;25
26;2026-04-23T11:29:19;26
27;2026-04-22T15:43:48;27
28;2026-04-23T03:59:20;28
29;2026-04-23T06:04:34;29
30;2026-04-22T13:24:49;30
